sample,path,cellpose_path
2ar0_cellpose3d,/ourdisk/hpc/lilab/babiddy/dont_archive/merfish-mouse-testis-data/20220426/analyzed_data/MsTestis_2A_VS19_PNA4-Aux4test_QC_Cellbound_V3_BP_2-8-22/region_0,/ourdisk/hpc/lilab/babiddy/dont_archive/merfish-mouse-testis-data/segmentation/2ar0-051923
2ar1_cellpose3d,/ourdisk/hpc/lilab/babiddy/dont_archive/merfish-mouse-testis-data/20220426/analyzed_data/MsTestis_2A_VS19_PNA4-Aux4test_QC_Cellbound_V3_BP_2-8-22/region_1,/ourdisk/hpc/lilab/babiddy/dont_archive/merfish-mouse-testis-data/segmentation/2ar1-051923
2br0_cellpose3d,/ourdisk/hpc/lilab/babiddy/dont_archive/merfish-mouse-testis-data/20220426/analyzed_data/MsTestis_2B_VS19_PNA-Aux4test_QC_Cellbound_V6_BP_2-8-22/region_0,/ourdisk/hpc/lilab/babiddy/dont_archive/merfish-mouse-testis-data/segmentation/2br0-051923
2br1_cellpose3d,/ourdisk/hpc/lilab/babiddy/dont_archive/merfish-mouse-testis-data/20220426/analyzed_data/MsTestis_2B_VS19_PNA-Aux4test_QC_Cellbound_V6_BP_2-8-22/region_1,/ourdisk/hpc/lilab/babiddy/dont_archive/merfish-mouse-testis-data/segmentation/2br1-051923
a1r1_cellpose3d,/ourdisk/hpc/lilab/babiddy/dont_archive/merfish-mouse-testis-data/20220426/analyzed_data/MsTestis_A1_VS19_PNA-Aux4_Cellbound_V6_BP_3-23-2022/region_1,/ourdisk/hpc/lilab/babiddy/dont_archive/merfish-mouse-testis-data/segmentation/a1r1-051223
b2r0_cellpose3d,/ourdisk/hpc/lilab/babiddy/dont_archive/merfish-mouse-testis-data/20220426/analyzed_data/MsTestis_B2_VS19_PNA-Aux4_Cellbound_QC_V6_BP_3-29-2022/region_0,/ourdisk/hpc/lilab/babiddy/dont_archive/merfish-mouse-testis-data/segmentation/b2r0-051223
b2r1_cellpose3d,/ourdisk/hpc/lilab/babiddy/dont_archive/merfish-mouse-testis-data/20220426/analyzed_data/MsTestis_B2_VS19_PNA-Aux4_Cellbound_QC_V6_BP_3-29-2022/region_1,/ourdisk/hpc/lilab/babiddy/dont_archive/merfish-mouse-testis-data/segmentation/b2r1-051523
b2r2_cellpose3d,/ourdisk/hpc/lilab/babiddy/dont_archive/merfish-mouse-testis-data/20220426/analyzed_data/MsTestis_B2_VS19_PNA-Aux4_Cellbound_QC_V6_BP_3-29-2022/region_2,/ourdisk/hpc/lilab/babiddy/dont_archive/merfish-mouse-testis-data/segmentation/b2r2-050823
c1r0_cellpose3d,/ourdisk/hpc/lilab/babiddy/dont_archive/merfish-mouse-testis-data/20220426/analyzed_data/MsTestis_C1_VS19_PNA-Aux4_Cellbound_QC_V6_BP_3-22-2022/region_0,/ourdisk/hpc/lilab/babiddy/dont_archive/merfish-mouse-testis-data/segmentation/c1r0-051523
c1r1_cellpose3d,/ourdisk/hpc/lilab/babiddy/dont_archive/merfish-mouse-testis-data/20220426/analyzed_data/MsTestis_C1_VS19_PNA-Aux4_Cellbound_QC_V6_BP_3-22-2022/region_1,/ourdisk/hpc/lilab/babiddy/dont_archive/merfish-mouse-testis-data/segmentation/c1r1-050323
c1r2_cellpose3d,/ourdisk/hpc/lilab/babiddy/dont_archive/merfish-mouse-testis-data/20220426/analyzed_data/MsTestis_C1_VS19_PNA-Aux4_Cellbound_QC_V6_BP_3-22-2022/region_2,/ourdisk/hpc/lilab/babiddy/dont_archive/merfish-mouse-testis-data/segmentation/c1r2-051523
d2r0_cellpose3d,/ourdisk/hpc/lilab/babiddy/dont_archive/merfish-mouse-testis-data/20220426/analyzed_data/MsTestis_D2_VS19_PNA-Aux4_Cellbound_QC_V6_BP_3-30-2022/region_0,/ourdisk/hpc/lilab/babiddy/dont_archive/merfish-mouse-testis-data/segmentation/d2r0-051123
d2r1_cellpose3d,/ourdisk/hpc/lilab/babiddy/dont_archive/merfish-mouse-testis-data/20220426/analyzed_data/MsTestis_D2_VS19_PNA-Aux4_Cellbound_QC_V6_BP_3-30-2022/region_1,/ourdisk/hpc/lilab/babiddy/dont_archive/merfish-mouse-testis-data/segmentation/d2r1-051923
d2r2_cellpose3d,/ourdisk/hpc/lilab/babiddy/dont_archive/merfish-mouse-testis-data/20220426/analyzed_data/MsTestis_D2_VS19_PNA-Aux4_Cellbound_QC_V6_BP_3-30-2022/region_2,/ourdisk/hpc/lilab/babiddy/dont_archive/merfish-mouse-testis-data/segmentation/d2r2-051923
